<wpml-config>
	<custom-fields>
		<custom-field action="translate">dt_page_tagline</custom-field>
		<custom-field action="copy">link_post_url</custom-field>
		<custom-field action="copy">video_post_url</custom-field>
		<custom-field action="copy">audio_post_url</custom-field>
		<custom-field action="translate">custom_post_top</custom-field>
		<custom-field action="translate">custom_post_footer</custom-field>
		<custom-field action="translate">page_builder</custom-field>
		<custom-field action="copy">detail_active</custom-field>
		<custom-field action="copy">website_url</custom-field>
		<custom-field action="copy">show_video</custom-field>	
		<custom-field action="copy">video</custom-field>			
		<custom-field action="translate">author</custom-field>
		<custom-field action="translate">date</custom-field>
		<custom-field action="translate">customer</custom-field>
		<custom-field action="translate">status</custom-field>		
		<custom-field action="translate">skils</custom-field>		
	</custom-fields>
	
<custom-types>
		<custom-type translate="1">portfolio</custom-type>
</custom-types>	

<taxonomies>
	<taxonomy translate="1">portfoliocategory</taxonomy>
</taxonomies>


	<admin-texts>
		<key name="of_options_pmc">
			<key name="copyright" />
			<key name="errorpagetitle" />
			<key name="errorpage" />
			<key name="portfolio_icon_link" />			
			<key name="rev_slider" />
			<key name="block1_text1" />
			<key name="block1_lower_text1" />
			<key name="block1_link1" />	
			<key name="block1_text2" />
			<key name="block1_lower_text2" />
			<key name="block1_link2" />	
			<key name="block1_text3" />
			<key name="block1_lower_text3" />
			<key name="block1_link3" />	
			<key name="block2_text" />	
			<key name="block_footer_text" />	
			<key name="block3_title" />	
	
		</key>
	</admin-texts>
</wpml-config>


