[{"wp_inactive_widgets":["text-2","wysija-2","fbw_id-2"],"everly_sidebar":["text-3","socials-widget-8","category_posts-widget-4","categories-2","search-2","recent_posts-widget-6","fbw_id-3","wysija-3","tag_cloud-4","text-4","videos-widget-2","category_select_slider_posts-widget-2"],"everly_sidebar-top-left":["socials-widget-7"],"everly_sidebar-top-right":["search-7"]},{"text":{"3":{"title":"About Me","text":"<img src = \"http:\/\/amory.premiumcoding.com\/minimal\/wp-content\/uploads\/2016\/05\/avatar1-1.jpg\"><\/img>\r\n\r\nHello, my name is <b>Everly.<\/b> I am a blogger living in New York. This is my blog, where I post about interior design and decoration. Never miss out on new stuff.","filter":false},"4":{"title":"Instagram feed","text":"[instagram-feed]","filter":false},"2":{"8":{"title":"About me","text":"<img src = \"http:\/\/camila.premiumcoding.com\/wp-content\/uploads\/2016\/03\/camila-about-us-avatar.jpg\"><\/img>\r\n\r\nHello, my name is <b>Camila.<\/b> I am a blogger living in New York. This is my blog, where I post my photos, fashion trends and tips about the fashion world. Never miss out on new stuff.","filter":false},"9":{"title":"Advertising section","text":"<a href = \"http:\/\/zara.premiumcoding.com\/\"><img src = \"http:\/\/zara.premiumcoding.com\/wp-content\/uploads\/2015\/01\/zara-banner-ad.jpg\"><\/img><\/a>","filter":false},"10":{"title":"Instagram feed","text":"[instagram-feed]","filter":false},"11":{"title":"Advertising 125x125","text":"<a href = \"http:\/\/brixton.premiumcoding.com\/brixtonblog\"><img src = \"http:\/\/brixton.premiumcoding.com\/brixtonblog\/wp-content\/uploads\/2015\/02\/brixton-banner-ad-125.png\"><\/img><\/a>    &nbsp;  <a href = \"http:\/\/brixton.premiumcoding.com\/brixtonblog\"><img src = \"http:\/\/brixton.premiumcoding.com\/brixtonblog\/wp-content\/uploads\/2015\/02\/brixton-banner-ad-125.png\"><\/img><\/a><a href = \"http:\/\/brixton.premiumcoding.com\/brixtonblog\"><img src = \"http:\/\/brixton.premiumcoding.com\/brixtonblog\/wp-content\/uploads\/2015\/02\/brixton-banner-ad-125.png\"><\/img><\/a>  &nbsp;    <a href = \"http:\/\/brixton.premiumcoding.com\/brixtonblog\"><img src = \"http:\/\/brixton.premiumcoding.com\/brixtonblog\/wp-content\/uploads\/2015\/02\/brixton-banner-ad-125.png\"><\/img><\/a>\r\n","filter":false},"12":{"title":"Interested in Camila","text":"If you come all the way down here, you probably like our <b>Camila theme<\/b>. To help you find where you can buy it, we prepared a solution for that also. Simply click the button below. \r\n<\/br><\/br>\r\n<div class = \"sidebar-buy-button\"><a href = \"http:\/\/themeforest.net\/item\/camila-wordpress-blog-theme\/15347323?ref=premiumtemplates\">Purchase Camila<\/a><\/div>","filter":false},"13":{"title":"","text":"<img src = \"http:\/\/camila.premiumcoding.com\/wp-content\/uploads\/2016\/05\/camila-logo-storyteller.png\"><\/img>\r\n\r\nHello, my name is <b>Camila.<\/b> I am a blogger living in New York. This is my blog, where I post my posts about fashion.","filter":false},"_multiwidget":null},"_multiwidget":1},"socials-widget":{"8":{"title":"Socialize with me"},"7":{"title":""},"_multiwidget":1},"category_posts-widget":{"4":{"title":"Popular Posts","number":"3"},"_multiwidget":1},"categories":{"2":{"title":"","count":0,"hierarchical":0,"dropdown":0},"_multiwidget":1},"search":{"2":{"title":"Search"},"7":{"title":""},"_multiwidget":1},"recent_posts-widget":{"6":{"title":"Recent Posts","number":"2"},"_multiwidget":1},"fbw_id":{"3":{"data_small_header":"","data_adapt_container_width":"","data_hide_cover":"","data_show_facepile":"on","data_show_posts":"on","title":"Like Us On Facebook","app_id":"503595753002055","fb_url":"http:\/\/facebook.com\/PremiumCoding","width":"285","height":"350","custom_css":"","select_lng":"en_US"},"2":{"3":{"data_small_header":"","data_adapt_container_width":"","data_hide_cover":"","data_show_facepile":"on","data_show_posts":"on","title":"Like Us On Facebook","app_id":"503595753002055","fb_url":"https:\/\/www.facebook.com\/PremiumCoding\/","width":"285","height":"350","custom_css":"","select_lng":"en_US"},"_multiwidget":null},"_multiwidget":1},"wysija":{"3":{"title":"Subscribe to our Newsletter","form":"1"},"2":{"3":{"title":"Subscribe to our Newsletter","form":"1"},"_multiwidget":null},"_multiwidget":1},"tag_cloud":{"4":{"title":"Tag Cloud","taxonomy":"post_tag"},"_multiwidget":1},"videos-widget":{"2":{"title":"Everly Video","video":"https:\/\/vimeo.com\/122285821","link":"","text":"Everly Video Text","text-top":"200px","display_text":null,"self_video":null,"auto_play":null,"image":""},"_multiwidget":1},"category_select_slider_posts-widget":{"2":{"title":"Everly Post slider","number":"3","category":"6","slider":"2","excerpt":null,"n_excerpt":"10"},"_multiwidget":1}}]