[{"anariel_sidebar":["text-47","wysija-15","socials-widget-16","category_posts-widget-8","categories-9","text-48","tag_cloud-8","recent_posts-widget-8","search-2","ess-grid-widget-4","videos-widget-4"],"anariel_footer2":["wysija-16","socials-widget-17"]},{"text":{"47":{"title":"About me","text":"<img src=\"http:\/\/anariel.premiumcoding.com\/wp-content\/uploads\/2017\/11\/anariel-post-avatar-1.jpg\" \/>\r\n\r\nHello, my name is\u00a0<b>Anariel.<\/b>\u00a0I am a blogger living in New York. This is my blog, where I post my photos and traveling tips. Never miss out on new stuff.","filter":true,"visual":true},"48":{"title":"Instagram Feed","text":"[instagram-feed]","filter":true,"visual":true},"_multiwidget":1},"wysija":{"15":{"title":"Subscribe to our Newsletter","form":"1"},"16":{"title":"Subscribe to our Newsletter","form":"1"},"_multiwidget":1},"socials-widget":{"16":{"title":""},"17":{"title":""},"_multiwidget":1},"category_posts-widget":{"8":{"title":"Popular Posts","number":"4"},"_multiwidget":1},"categories":{"9":{"title":"","count":0,"hierarchical":0,"dropdown":0},"_multiwidget":1},"tag_cloud":{"8":{"title":"","count":0,"taxonomy":"post_tag"},"_multiwidget":1},"recent_posts-widget":{"8":{"title":"Recent Posts","number":"3"},"_multiwidget":1},"search":{"2":{"title":"Search"},"_multiwidget":1},"ess-grid-widget":{"4":{"ess_grid_title":"Gallery in a widget","ess_grid":"4","ess_grid_pages":""},"_multiwidget":1},"videos-widget":{"4":{"title":"Anariel Video","video":"https:\/\/vimeo.com\/14719694","link":"","text":"Anariel Video Text","text-top":"200px","display_text":null,"self_video":null,"auto_play":null,"image":""},"_multiwidget":1}}]