[{"lisbeth_sidebar":["text-42","wysija-12","socials-widget-12","recent_posts-widget-6","categories-7","category_posts-widget-6","text-43","tag_cloud-6","search-2","ess-grid-widget-3","videos-widget-3"],"lisbeth-sidebar-single":["socials-widget-13","wysija-13","text-44","recent_posts-widget-7","categories-8","category_posts-widget-7","tag_cloud-7","search-8"],"lisbeth_sidebar-top-left":["socials-widget-15"],"lisbeth_sidebar-top-right":["search-9"],"lisbeth-sidebar-under-header-left":["category_posts-widget-8","videos-widget-4"],"lisbeth-sidebar-under-header-right":["wysija-15","videos-widget-5"],"lisbeth-sidebar-under-header-fullwidth":["text-45"],"lisbeth-sidebar-footer-fullwidth":["text-46"],"lisbeth-sidebar-footer-left":["videos-widget-6"],"lisbeth-sidebar-footer-right":["videos-widget-7"],"lisbeth_footer2":["wysija-14","socials-widget-14"]},{"text":{"42":{"title":"About Me","text":"<img src=\"http:\/\/lisbeth.premiumcoding.com\/lisbeth-demo4\/wp-content\/uploads\/2017\/10\/avatar2.jpg\" \/>\r\nHello, my name is <b>Lisbeth.<\/b> I am a blogger living in New York. This is my blog, where I post my food recipes and tips. Never miss out on new food stuff &amp; healthy recipes.","filter":true,"visual":true},"43":{"title":"Instagram Feed","text":"[instagram-feed]","filter":true,"visual":true},"44":{"title":"Instagram Feed","text":"[instagram-feed]","filter":true,"visual":true},"45":{"title":"Place for your Advertisment","text":"<a href=\"http:\/\/brixton.premiumcoding.com\/demo3\"><img src=\"http:\/\/brixton.premiumcoding.com\/demo3\/wp-content\/uploads\/2016\/09\/Brixton-970-90-ad.png\" \/><\/a>","filter":true,"visual":true},"46":{"title":"","text":"<h3>My Fashion Videos<\/h3>","filter":true,"visual":true},"_multiwidget":1},"wysija":{"12":{"title":"Subscribe to our Newsletter","form":"1"},"13":{"title":"Subscribe to our Newsletter","form":"1"},"15":{"title":"Subscribe to our Newsletter","form":"1"},"14":{"title":"Subscribe to our Newsletter","form":"1"},"_multiwidget":1},"socials-widget":{"12":{"title":""},"13":{"title":"Socialize with me"},"15":{"title":""},"14":{"title":""},"_multiwidget":1},"recent_posts-widget":{"6":{"title":"Recent Posts","number":"5"},"7":{"title":"Recent Posts","number":"3"},"_multiwidget":1},"categories":{"7":{"title":"","count":0,"hierarchical":0,"dropdown":0},"8":{"title":"","count":0,"hierarchical":0,"dropdown":0},"_multiwidget":1},"category_posts-widget":{"6":{"title":"Popular Posts","number":"5"},"7":{"title":"Popular Posts","number":"3"},"8":{"title":"Popular Posts","number":"2"},"_multiwidget":1},"tag_cloud":{"6":{"title":"","count":0,"taxonomy":"post_tag"},"7":{"title":"","count":0,"taxonomy":"post_tag"},"_multiwidget":1},"search":{"2":{"title":"Search"},"8":{"title":"Search"},"9":{"title":""},"_multiwidget":1},"ess-grid-widget":{"3":{"ess_grid_title":"Gallery in a widget","ess_grid":"5","ess_grid_pages":""},"_multiwidget":1},"videos-widget":{"3":{"title":"Video","video":"https:\/\/vimeo.com\/14719694","link":"","text":"Lisbeth Video Text","text-top":"200px","display_text":null,"self_video":null,"auto_play":null,"image":""},"4":{"title":"","video":"https:\/\/vimeo.com\/14719694","link":"","text":"Lisbeth Video Text","text-top":"200px","display_text":null,"self_video":null,"auto_play":null,"image":""},"5":{"title":"","video":"https:\/\/vimeo.com\/24515353","link":"","text":"Lisbeth Video Text","text-top":"200px","display_text":null,"self_video":null,"auto_play":null,"image":""},"6":{"title":"","video":"https:\/\/vimeo.com\/32448092","link":"","text":"Lisbeth Video Text","text-top":"200px","display_text":null,"self_video":null,"auto_play":null,"image":""},"7":{"title":"","video":"https:\/\/vimeo.com\/58933055","link":"","text":"Lisbeth Video Text","text-top":"200px","display_text":null,"self_video":null,"auto_play":null,"image":""},"_multiwidget":1}}]